{
  "lambda_global": 2.1167355371900825,
  "cv_interarribo": 1.9558294135708454,
  "duracion_media_min": 19.82609402960794,
  "duracion_std_min": 13.22910766845181,
  "cv_duracion": 0.6672573855796151,
  "leak_mediana": 0.006185567010309278,
  "leak_p95": 0.06798072925582645,
  "balance_neto": -67,
  "cota_global": 68,
  "cota_semanal": 44,
  "s0_recomendado": 42,
  "horizonte_dias_default": 7,
  "umbral_servicio_pct": 5.0,
  "n_replicas_default": 500,
  "fecha_analisis": "2025-11-13",
  "metodo_optimizacion": "b\u00fasqueda_binaria",
  "evaluaciones_realizadas": 16
}